{
    "dryer": [2.99514846e-04, 5.92930103e-04, -9.95959187e-04, 5.19274499e-04, -1.33220995e-04, 1.99077151e-05, -1.84839322e-06, 1.07680202e-07, -3.80412797e-09, 7.40399062e-11, -6.06187573e-13],
    "oven": [5.11972665e-04, -7.03402445e-04,  7.68026707e-04, -3.66363583e-04, 8.96781866e-05, -1.14300653e-05, 7.10339539e-07, -1.23448103e-08, -8.17581893e-10, 4.38334209e-11, -6.15768582e-13],
    "background": [2.99994599e-01, -5.51791329e-04,-4.13148994e-02, 2.10030766e-02, -4.10493904e-03, 4.10768972e-04, -2.29920196e-05, 7.26545140e-07, -1.20913754e-08, 8.21833884e-11]
}